student_1,student_2,location,date,time
62987,,Corridor1,14-12-2020,19:54:16
62987,,Corridor1,14-12-2020,19:54:17
62987,,Corridor1,14-12-2020,19:54:19
62987,,Corridor1,14-12-2020,19:54:20
62987,,Corridor1,14-12-2020,19:54:22
62987,,Corridor1,14-12-2020,19:54:23
62987,,Corridor1,14-12-2020,19:54:33
62988,,Corridor1,14-12-2020,19:54:44
62988,,Corridor1,14-12-2020,19:54:45
62988,,Corridor1,14-12-2020,19:54:45
62988,,Corridor1,14-12-2020,19:54:45
62988,,Corridor1,14-12-2020,19:54:46
62988,,Corridor1,14-12-2020,19:54:47
62988,,Corridor1,14-12-2020,19:54:48
62988,,Corridor1,14-12-2020,19:54:49
62988,,Corridor1,14-12-2020,19:54:50
62988,,Corridor1,14-12-2020,19:54:51
62363,,Corridor1,14-12-2020,19:54:52
62988,,Corridor1,14-12-2020,19:54:53
62988,,Corridor1,14-12-2020,19:54:55
62988,,Corridor1,14-12-2020,19:54:56
62988,,Corridor1,14-12-2020,19:54:57
62988,,Corridor1,14-12-2020,19:54:58
62988,,Corridor1,14-12-2020,19:54:59
62988,,Corridor1,14-12-2020,19:55:01
62988,,Corridor1,14-12-2020,19:55:02
62988,,Corridor1,14-12-2020,19:55:04
62988,,Corridor1,14-12-2020,19:55:06
62988,,Corridor1,14-12-2020,19:55:06
62988,,Corridor1,14-12-2020,19:55:06
62988,,Corridor1,14-12-2020,19:55:07
62988,,Corridor1,14-12-2020,19:55:07
62988,,Corridor1,14-12-2020,19:55:07
62988,,Corridor1,14-12-2020,19:55:07
62988,,Corridor1,14-12-2020,19:55:08
62988,,Corridor1,14-12-2020,19:55:08
62988,,Corridor1,14-12-2020,19:55:08
62988,,Corridor1,14-12-2020,19:55:09
62988,,Corridor1,14-12-2020,19:55:09
62988,,Corridor1,14-12-2020,19:55:09
62988,,Corridor1,14-12-2020,19:55:10
62988,,Corridor1,14-12-2020,19:55:10
62988,,Corridor1,14-12-2020,19:55:10
62988,,Corridor1,14-12-2020,19:55:11
62988,,Corridor1,14-12-2020,19:55:11
62988,,Corridor1,14-12-2020,19:55:11
62988,,Corridor1,14-12-2020,19:55:11
62988,,Corridor1,14-12-2020,19:55:12
62988,,Corridor1,14-12-2020,19:55:12
62988,,Corridor1,14-12-2020,19:55:12
62988,,Corridor1,14-12-2020,19:55:13
62988,,Corridor1,14-12-2020,19:55:13
62988,,Corridor1,14-12-2020,19:55:13
62988,,Corridor1,14-12-2020,19:55:14
62988,,Corridor1,14-12-2020,19:55:14
62988,,Corridor1,14-12-2020,19:55:14
62988,,Corridor1,14-12-2020,19:55:15
62988,,Corridor1,14-12-2020,19:55:15
62988,,Corridor1,14-12-2020,19:55:15
12345,,Corridor1,14-12-2020,19:55:16
12345,Unknown,Corridor1,14-12-2020,19:55:18
12345,Unknown,Corridor1,14-12-2020,19:55:19
12345,Unknown,Corridor1,14-12-2020,19:55:21
12345,,Corridor1,14-12-2020,19:55:22
12345,,Corridor1,14-12-2020,19:55:23
12345,,Corridor1,14-12-2020,19:55:23
12345,,Corridor1,14-12-2020,19:55:23
12345,,Corridor1,14-12-2020,19:55:24
12345,,Corridor1,14-12-2020,19:55:38
12345,,Corridor1,14-12-2020,19:55:38
12345,,Corridor1,14-12-2020,19:55:38
12345,,Corridor1,14-12-2020,19:55:39
12345,,Corridor1,14-12-2020,19:55:39
12345,,Corridor1,14-12-2020,19:55:39
12345,,Corridor1,14-12-2020,19:55:40
12345,,Corridor1,14-12-2020,19:55:40
12345,,Corridor1,14-12-2020,19:55:40
12345,,Corridor1,14-12-2020,19:55:41
12345,,Corridor1,14-12-2020,19:55:41
12345,,Corridor1,14-12-2020,19:55:41
12345,,Corridor1,14-12-2020,19:55:41
12345,,Corridor1,14-12-2020,19:55:43
62988,12345,Corridor1,14-12-2020,19:55:45
12345,62999,Corridor1,14-12-2020,19:55:45
12345,Unknown,Corridor1,14-12-2020,19:55:48
62988,12345,Corridor1,14-12-2020,19:55:50
12345,62999,Corridor1,14-12-2020,19:55:50
62988,,Corridor1,14-12-2020,19:55:51
62988,12345,Corridor1,14-12-2020,19:55:53
12345,62999,Corridor1,14-12-2020,19:55:53
12345,Unknown,Corridor1,14-12-2020,19:55:54
62988,12345,Corridor1,14-12-2020,19:55:56
12345,62999,Corridor1,14-12-2020,19:55:56
62988,12345,Corridor1,14-12-2020,19:55:56
12345,62999,Corridor1,14-12-2020,19:55:56
62988,12345,Corridor1,14-12-2020,19:55:57
12345,62999,Corridor1,14-12-2020,19:55:57
62988,,Corridor1,14-12-2020,19:55:58
62988,,Corridor1,14-12-2020,19:55:58
62988,,Corridor1,14-12-2020,19:55:58
62988,,Corridor1,14-12-2020,19:55:59
62988,,Corridor1,14-12-2020,19:56:00
62988,12345,Corridor1,14-12-2020,19:56:02
12345,62999,Corridor1,14-12-2020,19:56:02
62988,12345,Corridor1,14-12-2020,19:56:06
12345,62999,Corridor1,14-12-2020,19:56:06
62987,,Corridor1,14-12-2020,19:56:07
62988,62987,Corridor1,14-12-2020,19:56:10
62988,Unknown,Corridor1,14-12-2020,19:56:10
62988,12345,Corridor1,14-12-2020,19:56:10
62987,62999,Corridor1,14-12-2020,19:56:10
62987,Unknown,Corridor1,14-12-2020,19:56:10
62987,12345,Corridor1,14-12-2020,19:56:10
12345,62999,Corridor1,14-12-2020,19:56:10
12345,62987,Corridor1,14-12-2020,19:56:10
12345,Unknown,Corridor1,14-12-2020,19:56:10
62988,12345,Corridor1,14-12-2020,19:56:12
12345,62999,Corridor1,14-12-2020,19:56:12
12345,,Corridor1,14-12-2020,19:56:13
12345,,Corridor1,14-12-2020,19:56:13
12345,,Corridor1,14-12-2020,19:56:14
12345,,Corridor1,14-12-2020,19:56:14
62987,,Corridor1,14-12-2020,19:56:15
62987,Unknown,Corridor1,14-12-2020,19:56:17
62987,12345,Corridor1,14-12-2020,19:56:17
12345,62987,Corridor1,14-12-2020,19:56:17
12345,Unknown,Corridor1,14-12-2020,19:56:17
62987,Unknown,Corridor1,14-12-2020,19:56:21
62987,,Corridor1,14-12-2020,19:56:22
62987,12345,Corridor1,14-12-2020,19:56:24
12345,62987,Corridor1,14-12-2020,19:56:24
62987,Unknown,Corridor1,14-12-2020,19:56:25
12345,,Corridor1,14-12-2020,19:56:27
12345,,Corridor1,14-12-2020,19:56:28
12345,,Corridor1,14-12-2020,19:56:29
62987,Unknown,Corridor1,14-12-2020,19:56:31
62987,12345,Corridor1,14-12-2020,19:56:31
12345,62987,Corridor1,14-12-2020,19:56:31
12345,Unknown,Corridor1,14-12-2020,19:56:31
62988,62987,Corridor1,14-12-2020,19:56:34
62988,Unknown,Corridor1,14-12-2020,19:56:34
62987,62999,Corridor1,14-12-2020,19:56:34
62987,Unknown,Corridor1,14-12-2020,19:56:34
62987,Unknown,Corridor1,14-12-2020,19:56:36
62647,12345,Corridor1,14-12-2020,19:56:37
12345,62647,Corridor1,14-12-2020,19:56:37
62987,,Corridor1,14-12-2020,19:56:39
62424,,Corridor1,14-12-2020,19:56:40
62988,12345,Corridor1,14-12-2020,19:56:42
12345,62999,Corridor1,14-12-2020,19:56:42
62988,62987,Corridor1,14-12-2020,19:56:46
62988,Unknown,Corridor1,14-12-2020,19:56:46
62988,12345,Corridor1,14-12-2020,19:56:46
62987,62999,Corridor1,14-12-2020,19:56:46
62987,Unknown,Corridor1,14-12-2020,19:56:46
62987,12345,Corridor1,14-12-2020,19:56:46
12345,62999,Corridor1,14-12-2020,19:56:46
12345,62987,Corridor1,14-12-2020,19:56:46
12345,Unknown,Corridor1,14-12-2020,19:56:46
62424,62987,Corridor1,14-12-2020,19:56:48
62424,12345,Corridor1,14-12-2020,19:56:48
62987,62424,Corridor1,14-12-2020,19:56:48
62987,12345,Corridor1,14-12-2020,19:56:48
12345,62424,Corridor1,14-12-2020,19:56:48
12345,62987,Corridor1,14-12-2020,19:56:48
62987,,Corridor1,14-12-2020,19:56:49
62987,,Corridor1,14-12-2020,19:56:50
62987,,Corridor1,14-12-2020,19:56:51
62987,,Corridor1,14-12-2020,19:56:51
62987,,Corridor1,14-12-2020,19:56:51
62987,,Corridor1,14-12-2020,19:56:52
62987,,Corridor1,14-12-2020,19:56:52
62988,,Corridor1,14-12-2020,19:56:53
62988,12345,Corridor1,14-12-2020,19:56:55
12345,62999,Corridor1,14-12-2020,19:56:55
62988,62987,Corridor1,14-12-2020,19:56:58
62988,12345,Corridor1,14-12-2020,19:56:58
62987,62999,Corridor1,14-12-2020,19:56:58
62987,12345,Corridor1,14-12-2020,19:56:58
12345,62999,Corridor1,14-12-2020,19:56:58
12345,62987,Corridor1,14-12-2020,19:56:58
62987,Unknown,Corridor1,14-12-2020,19:57:01
62987,12345,Corridor1,14-12-2020,19:57:01
12345,62987,Corridor1,14-12-2020,19:57:01
12345,Unknown,Corridor1,14-12-2020,19:57:01
62987,Unknown,Corridor1,14-12-2020,19:57:05
62987,12345,Corridor1,14-12-2020,19:57:05
12345,62987,Corridor1,14-12-2020,19:57:05
12345,Unknown,Corridor1,14-12-2020,19:57:05
62988,62987,Corridor1,14-12-2020,19:57:08
62988,12345,Corridor1,14-12-2020,19:57:08
62987,62999,Corridor1,14-12-2020,19:57:08
62987,12345,Corridor1,14-12-2020,19:57:08
12345,62999,Corridor1,14-12-2020,19:57:08
12345,62987,Corridor1,14-12-2020,19:57:08
62988,62987,Corridor1,14-12-2020,19:57:08
62988,12345,Corridor1,14-12-2020,19:57:08
62987,62999,Corridor1,14-12-2020,19:57:08
62987,12345,Corridor1,14-12-2020,19:57:08
12345,62999,Corridor1,14-12-2020,19:57:08
12345,62987,Corridor1,14-12-2020,19:57:08
62988,62987,Corridor1,14-12-2020,19:57:09
62988,12345,Corridor1,14-12-2020,19:57:09
62987,62999,Corridor1,14-12-2020,19:57:09
62987,12345,Corridor1,14-12-2020,19:57:09
12345,62999,Corridor1,14-12-2020,19:57:09
12345,62987,Corridor1,14-12-2020,19:57:09
62988,62987,Corridor1,14-12-2020,19:57:09
62988,12345,Corridor1,14-12-2020,19:57:09
62987,62999,Corridor1,14-12-2020,19:57:09
62987,12345,Corridor1,14-12-2020,19:57:09
12345,62999,Corridor1,14-12-2020,19:57:09
12345,62987,Corridor1,14-12-2020,19:57:09
62988,62987,Corridor1,14-12-2020,19:57:09
62988,12345,Corridor1,14-12-2020,19:57:09
62987,62999,Corridor1,14-12-2020,19:57:09
62987,12345,Corridor1,14-12-2020,19:57:09
12345,62999,Corridor1,14-12-2020,19:57:09
12345,62987,Corridor1,14-12-2020,19:57:09
62988,Unknown,Corridor1,14-12-2020,19:57:11
62988,,Corridor1,14-12-2020,19:57:12
12345,Unknown,Corridor1,14-12-2020,19:57:14
12345,,Corridor1,14-12-2020,19:57:15
62988,,Corridor1,14-12-2020,19:57:16
62988,62987,Corridor1,14-12-2020,19:57:18
62987,62999,Corridor1,14-12-2020,19:57:18
62988,62987,Corridor1,14-12-2020,19:57:18
62987,62999,Corridor1,14-12-2020,19:57:18
62988,62987,Corridor1,14-12-2020,19:57:18
62987,62999,Corridor1,14-12-2020,19:57:18
62988,62987,Corridor1,14-12-2020,19:57:19
62987,62999,Corridor1,14-12-2020,19:57:19
62988,62987,Corridor1,14-12-2020,19:57:19
62987,62999,Corridor1,14-12-2020,19:57:19
62988,62987,Corridor1,14-12-2020,19:57:19
62987,62999,Corridor1,14-12-2020,19:57:19
62988,62987,Corridor1,14-12-2020,19:57:19
62987,62999,Corridor1,14-12-2020,19:57:19
62988,62987,Corridor1,14-12-2020,19:57:20
62987,62999,Corridor1,14-12-2020,19:57:20
62988,,Corridor1,14-12-2020,19:57:21
62647,62987,Corridor1,14-12-2020,19:57:23
62987,62647,Corridor1,14-12-2020,19:57:23
62987,Unknown,Corridor1,14-12-2020,19:57:24
62988,,Corridor1,14-12-2020,19:57:25
62987,,Corridor1,14-12-2020,19:57:26
62987,,Corridor1,14-12-2020,19:57:27
62988,62987,Corridor1,14-12-2020,19:57:29
62987,62999,Corridor1,14-12-2020,19:57:29
62988,62987,Corridor1,14-12-2020,19:57:29
62987,62999,Corridor1,14-12-2020,19:57:29
62988,62987,Corridor1,14-12-2020,19:57:29
62987,62999,Corridor1,14-12-2020,19:57:29
62988,62987,Corridor1,14-12-2020,19:57:29
62987,62999,Corridor1,14-12-2020,19:57:29
62988,62987,Corridor1,14-12-2020,19:57:30
62987,62999,Corridor1,14-12-2020,19:57:30
62988,62987,Corridor1,14-12-2020,19:57:30
62987,62999,Corridor1,14-12-2020,19:57:30
62988,62987,Corridor1,14-12-2020,19:57:30
62987,62999,Corridor1,14-12-2020,19:57:30
62988,62987,Corridor1,14-12-2020,19:57:31
62987,62999,Corridor1,14-12-2020,19:57:31
62988,62987,Corridor1,14-12-2020,19:57:31
62987,62999,Corridor1,14-12-2020,19:57:31
62987,,Corridor1,14-12-2020,19:57:32
62987,,Corridor1,14-12-2020,19:57:32
12345,,Corridor1,14-12-2020,19:57:33
62987,,Corridor1,14-12-2020,19:57:34
62987,,Corridor1,14-12-2020,19:57:35
62987,,Corridor1,14-12-2020,19:57:35
62987,,Corridor1,14-12-2020,19:57:35
62987,,Corridor1,14-12-2020,19:57:35
62988,,Corridor1,14-12-2020,19:57:36
62988,,Corridor1,14-12-2020,19:57:37
62988,,Corridor1,14-12-2020,19:57:38
62988,,Corridor1,14-12-2020,19:57:38
62988,,Corridor1,14-12-2020,19:57:38
62988,,Corridor1,14-12-2020,19:57:39
62988,,Corridor1,14-12-2020,19:57:39
62988,,Corridor1,14-12-2020,19:57:39
62988,,Corridor1,14-12-2020,19:57:40
62987,,Corridor1,14-12-2020,19:57:47
62987,,Corridor1,14-12-2020,19:57:48
62987,,Corridor1,14-12-2020,19:57:48
62987,,Corridor1,14-12-2020,19:57:49
62987,,Corridor1,14-12-2020,19:57:50
62987,,Corridor1,14-12-2020,19:57:50
62987,,Corridor1,14-12-2020,19:57:51
62987,,Corridor1,14-12-2020,19:57:51
62987,,Corridor1,14-12-2020,19:57:52
62987,,Corridor1,14-12-2020,19:57:53
62987,,Corridor1,14-12-2020,19:57:54
62987,Unknown,Corridor1,14-12-2020,19:57:56
62987,Unknown,Corridor1,14-12-2020,19:57:58
62988,62987,Corridor1,14-12-2020,19:58:00
62987,62999,Corridor1,14-12-2020,19:58:00
62424,,Corridor1,14-12-2020,19:58:01
62424,,Corridor1,14-12-2020,19:58:01
12345,,Corridor1,14-12-2020,19:58:03
62988,,Corridor1,14-12-2020,19:58:09
62988,,Corridor1,14-12-2020,19:58:10
62988,,Corridor1,14-12-2020,19:58:10
62988,,Corridor1,14-12-2020,19:58:11
12345,,Corridor1,14-12-2020,19:58:12
62988,,Corridor1,14-12-2020,19:58:13
62988,Unknown,Corridor1,14-12-2020,19:58:16
62988,,Corridor1,14-12-2020,19:58:20
62988,,Corridor1,14-12-2020,19:58:21
12345,,Corridor1,14-12-2020,19:58:22
62988,,Corridor1,14-12-2020,19:58:25
62988,,Corridor1,14-12-2020,19:58:25
62988,,Corridor1,14-12-2020,19:58:25
62988,,Corridor1,14-12-2020,19:58:26
62988,,Corridor1,14-12-2020,19:58:26
62988,,Corridor1,14-12-2020,19:58:26
62988,,Corridor1,14-12-2020,19:58:26
62988,,Corridor1,14-12-2020,19:58:27
62988,,Corridor1,14-12-2020,19:58:27
62988,,Corridor1,14-12-2020,19:58:27
62988,,Corridor1,14-12-2020,19:58:28
62988,,Corridor1,14-12-2020,19:58:28
62988,,Corridor1,14-12-2020,19:58:28
62988,,Corridor1,14-12-2020,19:58:29
62988,,Corridor1,14-12-2020,19:58:29
62988,,Corridor1,14-12-2020,19:58:29
62988,,Corridor1,14-12-2020,19:58:30
62988,,Corridor1,14-12-2020,19:58:30
62988,,Corridor1,14-12-2020,19:58:30
62988,,Corridor1,14-12-2020,19:58:31
62988,,Corridor1,14-12-2020,19:58:31
62988,,Corridor1,14-12-2020,19:58:31
62988,,Corridor1,14-12-2020,19:58:32
62988,,Corridor1,14-12-2020,19:58:32
62988,,Corridor1,14-12-2020,19:58:32
62988,,Corridor1,14-12-2020,19:58:33
62988,,Corridor1,14-12-2020,19:58:33
62988,,Corridor1,14-12-2020,19:58:33
62988,,Corridor1,14-12-2020,19:58:34
62988,,Corridor1,14-12-2020,19:58:34
62988,,Corridor1,14-12-2020,19:58:34
62988,,Corridor1,14-12-2020,19:58:35
62988,,Corridor1,14-12-2020,19:58:35
62988,,Corridor1,14-12-2020,19:58:36
62988,,Corridor1,14-12-2020,19:58:36
62988,,Corridor1,14-12-2020,19:58:37
62988,,Corridor1,14-12-2020,19:58:37
62988,,Corridor1,14-12-2020,19:58:37
62988,,Corridor1,14-12-2020,19:58:38
62988,,Corridor1,14-12-2020,19:58:38
62988,,Corridor1,14-12-2020,19:58:38
62988,,Corridor1,14-12-2020,19:58:39
62988,,Corridor1,14-12-2020,19:58:39
62988,,Corridor1,14-12-2020,19:58:40
62988,,Corridor1,14-12-2020,19:58:40
62988,,Corridor1,14-12-2020,19:58:40
62988,,Corridor1,14-12-2020,19:58:41
62988,,Corridor1,14-12-2020,19:58:41
62988,,Corridor1,14-12-2020,19:58:41
62988,,Corridor1,14-12-2020,19:58:42
62988,,Corridor1,14-12-2020,19:58:42
62445,,Corridor1,15-12-2020,22:08:46
62445,,Corridor1,15-12-2020,22:08:47
62445,,Corridor1,15-12-2020,22:08:48
62445,,Corridor1,15-12-2020,22:08:49
62445,,Corridor1,15-12-2020,22:08:50
62445,,Corridor1,15-12-2020,22:08:51
62445,,Corridor1,15-12-2020,22:08:52
62445,,Corridor1,15-12-2020,22:08:53
62445,,Corridor1,15-12-2020,22:08:53
62445,,Corridor1,15-12-2020,22:08:54
62445,,Corridor1,15-12-2020,22:08:55
62445,,Corridor1,15-12-2020,22:08:56
62445,,Corridor1,15-12-2020,22:08:57
62445,,Corridor1,15-12-2020,22:08:58
62445,,Corridor1,15-12-2020,22:08:59
62445,,Corridor1,15-12-2020,22:09:00
62445,,Corridor1,15-12-2020,22:09:01
62445,,Corridor1,15-12-2020,22:09:02
62445,,Corridor1,15-12-2020,22:09:04
62445,,Corridor1,15-12-2020,22:09:05
62445,,Corridor1,15-12-2020,22:09:06
62445,,Corridor1,15-12-2020,22:09:08
62445,,Corridor1,15-12-2020,22:09:09
62445,,Corridor1,15-12-2020,22:09:10
62445,,Corridor1,15-12-2020,22:09:11
62445,,Corridor1,15-12-2020,22:09:12
62445,,Corridor1,15-12-2020,22:09:13
62445,,Corridor1,15-12-2020,22:09:14
62445,,Corridor1,15-12-2020,22:09:15
62445,,Corridor1,15-12-2020,22:09:16
62445,,Corridor1,15-12-2020,22:09:17
62445,,Corridor1,15-12-2020,22:09:18
62445,,Corridor1,15-12-2020,22:09:19
62445,,Corridor1,15-12-2020,22:09:20
62445,,Corridor1,15-12-2020,22:09:21
62445,,Corridor1,15-12-2020,22:09:22
62445,,Corridor1,15-12-2020,22:09:23
62445,,Corridor1,15-12-2020,22:09:24
62445,,Corridor1,15-12-2020,22:56:25
62445,,Corridor1,15-12-2020,22:56:26
62445,,Corridor1,15-12-2020,22:56:26
62445,,Corridor1,15-12-2020,22:56:27
62445,,Corridor1,15-12-2020,22:56:28
62445,,Corridor1,15-12-2020,22:56:29
62445,,Corridor1,15-12-2020,22:56:29
62445,,Corridor1,15-12-2020,22:56:30
62445,,Corridor1,15-12-2020,22:56:30
62445,,Corridor1,15-12-2020,22:56:31
62445,,Corridor1,15-12-2020,22:56:31
62445,,Corridor1,15-12-2020,22:56:31
62445,,Corridor1,15-12-2020,22:56:31
62445,,Corridor1,15-12-2020,22:56:32
62445,,Corridor1,15-12-2020,22:56:32
62445,,Corridor1,15-12-2020,22:56:32
62445,,Corridor1,15-12-2020,22:56:32
62445,,Corridor1,15-12-2020,22:56:33
62445,,Corridor1,15-12-2020,22:56:33
62445,,Corridor1,15-12-2020,22:56:33
62445,,Corridor1,15-12-2020,22:56:34
62445,,Corridor1,15-12-2020,22:56:35
62445,,Corridor1,15-12-2020,22:56:35
62445,,Corridor1,15-12-2020,22:56:35
62445,,Corridor1,15-12-2020,22:56:36
62445,,Corridor1,15-12-2020,22:56:37
62445,,Corridor1,15-12-2020,22:56:38
62445,,Corridor1,15-12-2020,23:18:55
62445,,Corridor1,16-12-2020,00:13:32
62445,,Corridor1,16-12-2020,00:13:43
62445,,Corridor1,16-12-2020,00:13:54
62445,,Corridor1,16-12-2020,01:39:22
62445,,Corridor1,16-12-2020,01:39:33
62445,,Corridor1,16-12-2020,01:39:40
62445,,Corridor1,17-12-2020,01:48:25
62445,,Corridor1,17-12-2020,01:48:43
62445,Unknown,Corridor1,17-12-2020,01:48:46
62445,,Corridor1,17-12-2020,01:48:47
62445,Unknown,Corridor1,17-12-2020,01:48:48
62445,,Corridor1,17-12-2020,01:48:50
62445,,Corridor1,17-12-2020,01:49:00
62445,,Corridor1,17-12-2020,01:49:02
62445,Unknown,Corridor1,17-12-2020,01:49:05
62445,,Corridor1,17-12-2020,01:49:09
62445,Unknown,Corridor1,17-12-2020,01:49:16
62445,,Corridor1,17-12-2020,01:49:19
62445,,Corridor1,17-12-2020,01:49:31
62445,,Corridor1,17-12-2020,01:49:37
62445,,Corridor1,17-12-2020,18:53:59
62445,,Corridor1,17-12-2020,18:54:10
62445,,Corridor1,17-12-2020,18:54:20
12345,,Corridor1,17-12-2020,18:54:35
62445,,Corridor1,17-12-2020,18:54:37
62445,,Corridor1,17-12-2020,18:54:43
62445,,Corridor1,17-12-2020,18:54:56
62445,,Corridor1,17-12-2020,18:55:00
62445,,Corridor1,17-12-2020,18:55:11
12345,,Corridor1,17-12-2020,18:55:16
62445,,Corridor1,17-12-2020,18:55:19
62445,,Corridor1,17-12-2020,18:55:21
62445,,Corridor1,17-12-2020,18:55:28
62424,,Corridor1,17-12-2020,18:55:36
62445,,Corridor1,17-12-2020,18:55:36
62445,,Corridor1,17-12-2020,18:55:40
62445,,Corridor1,17-12-2020,18:55:51
62445,,Corridor1,18-12-2020,18:45:57
62647,62445,Corridor1,18-12-2020,18:46:05
62445,62647,Corridor1,18-12-2020,18:46:05
62445,,Corridor1,18-12-2020,18:46:14
62647,62445,Corridor1,18-12-2020,18:46:17
62445,62647,Corridor1,18-12-2020,18:46:17
62445,,Corridor1,18-12-2020,18:46:18
62647,62445,Corridor1,18-12-2020,18:46:20
62445,62647,Corridor1,18-12-2020,18:46:20
62445,,Corridor1,18-12-2020,18:46:21
62647,62445,Corridor1,18-12-2020,18:46:24
62445,62647,Corridor1,18-12-2020,18:46:24
62445,,Corridor1,18-12-2020,18:46:25
62647,,Corridor1,18-12-2020,18:46:26
62445,,Corridor1,18-12-2020,18:46:29
62647,62445,Corridor1,18-12-2020,18:46:31
62445,62647,Corridor1,18-12-2020,18:46:31
62647,62445,Corridor1,18-12-2020,18:46:33
62445,62647,Corridor1,18-12-2020,18:46:33
62647,62445,Corridor1,18-12-2020,18:46:35
62445,62647,Corridor1,18-12-2020,18:46:35
62647,62445,Corridor1,18-12-2020,18:46:37
62445,62647,Corridor1,18-12-2020,18:46:37
62647,62445,Corridor1,18-12-2020,18:46:42
62445,62647,Corridor1,18-12-2020,18:46:42
62647,62445,Corridor1,18-12-2020,18:46:46
62445,62647,Corridor1,18-12-2020,18:46:46
62445,,Corridor1,18-12-2020,18:46:47
62647,Unknown,Corridor1,18-12-2020,18:46:49
62647,,Corridor1,18-12-2020,18:46:50
62647,62445,Corridor1,18-12-2020,18:46:53
62445,62647,Corridor1,18-12-2020,18:46:53
62647,62445,Corridor1,18-12-2020,18:46:55
62445,62647,Corridor1,18-12-2020,18:46:55
62445,,Corridor1,18-12-2020,18:46:58
62647,,Corridor1,18-12-2020,18:46:59
62647,Unknown,Corridor1,18-12-2020,18:47:01
62445,,Corridor1,18-12-2020,22:17:31
62445,Unknown,Corridor1,18-12-2020,22:17:38
62445,,Corridor1,18-12-2020,22:17:39
62445,,Corridor1,18-12-2020,22:18:05
62647,62445,Corridor1,18-12-2020,22:18:11
62445,62647,Corridor1,18-12-2020,22:18:11
62647,,Corridor1,18-12-2020,22:18:12
62647,62445,Corridor1,18-12-2020,22:18:14
62445,62647,Corridor1,18-12-2020,22:18:14
62647,,Corridor1,18-12-2020,22:18:14
62647,62445,Corridor1,18-12-2020,22:18:16
62445,62647,Corridor1,18-12-2020,22:18:16
62445,,Corridor1,18-12-2020,22:18:17
62445,,Corridor1,18-12-2020,22:20:33
62647,62445,Corridor1,18-12-2020,22:20:40
62445,62647,Corridor1,18-12-2020,22:20:40
62647,62445,Corridor1,18-12-2020,22:20:41
62445,62647,Corridor1,18-12-2020,22:20:41
62445,,Corridor1,18-12-2020,22:20:48
62445,,Corridor1,20-12-2020,00:15:02
62445,,Corridor1,20-12-2020,00:22:41
62445,,Corridor1,20-12-2020,00:23:18
62445,,Corridor1,20-12-2020,00:23:40
62445,,Corridor1,20-12-2020,22:00:20
62445,,Corridor1,20-12-2020,22:11:57
62445,,Corridor1,20-12-2020,22:12:36
62445,,Corridor1,22-12-2020,03:04:09
62445,,Corridor1,22-12-2020,03:04:36
62445,,Corridor1,22-12-2020,03:04:38
62445,,Corridor1,22-12-2020,03:04:42
62445,,Corridor1,22-12-2020,03:23:20
62445,,Corridor1,22-12-2020,03:23:42
62445,,Corridor1,22-12-2020,03:23:45
62445,,Corridor1,22-12-2020,03:23:47
62445,,Corridor1,22-12-2020,03:23:49
62445,,Corridor1,22-12-2020,03:25:38
62445,,Corridor1,22-12-2020,03:25:50
62445,,Corridor1,22-12-2020,03:26:03
62445,,Corridor1,22-12-2020,03:26:05
62445,,Corridor1,22-12-2020,03:26:06
62445,,Corridor1,22-12-2020,03:26:13
62445,,Corridor1,22-12-2020,03:26:15
62445,,Corridor1,22-12-2020,03:26:20
62445,,Corridor1,22-12-2020,03:28:28
62445,,Corridor1,22-12-2020,03:28:35
62445,,Corridor1,22-12-2020,03:30:57
62445,,Corridor1,22-12-2020,03:31:07
62445,,Corridor1,22-12-2020,03:31:19
62445,,Corridor1,22-12-2020,03:33:30
62445,,Corridor1,22-12-2020,03:35:22
62445,,Corridor1,22-12-2020,03:35:42
62445,,Corridor1,22-12-2020,03:36:00
62445,,Corridor1,22-12-2020,03:36:06
62445,,Corridor1,22-12-2020,03:36:10
62445,,Corridor1,22-12-2020,03:36:29
62445,,Corridor1,22-12-2020,03:36:40
62445,,Corridor1,22-12-2020,03:36:43
62445,,Corridor1,22-12-2020,03:36:46
62445,,Corridor1,24-12-2020,01:56:44
62445,,Corridor1,24-12-2020,02:08:25
62445,,Corridor1,24-12-2020,02:11:11
62445,,Corridor1,24-12-2020,02:13:40
62445,,Corridor1,24-12-2020,02:25:08
62445,,Corridor1,24-12-2020,02:27:39
62445,,Corridor1,24-12-2020,02:27:59
62445,,Corridor1,24-12-2020,02:28:21
62445,,Corridor1,24-12-2020,02:28:43
62445,,Corridor1,24-12-2020,02:29:07
62445,,Corridor1,24-12-2020,02:29:30
62445,,Corridor1,24-12-2020,02:30:07
62445,,Corridor1,24-12-2020,02:30:35
62445,,Corridor1,24-12-2020,02:31:02
62445,,Corridor1,24-12-2020,02:31:45
62445,,Corridor1,24-12-2020,02:32:58
62445,,Corridor1,24-12-2020,02:33:28
62445,,Corridor1,24-12-2020,02:35:14
62445,,Corridor1,24-12-2020,02:35:37
62445,,Corridor1,24-12-2020,02:36:01
62445,,Corridor1,24-12-2020,02:36:51
62445,,Corridor1,24-12-2020,02:37:17
62445,,Corridor1,24-12-2020,02:39:10
62445,,Corridor1,24-12-2020,02:39:13
62445,,Corridor1,24-12-2020,02:40:52
62445,,Corridor1,24-12-2020,02:43:23
62445,,Lab1,01-01-2021,23:54:50
62445,,Lab1,01-01-2021,23:55:11
62445,,Lab1,01-01-2021,23:55:29
62445,,Lab1,01-01-2021,23:55:43
12345,,Lab1,01-01-2021,23:58:11
62445,,Lab1,01-01-2021,23:58:13
62445,,Lab1,01-01-2021,23:59:38
62445,,Lab1,01-01-2021,23:59:59
62445,,Lab1,02-01-2021,00:00:16
62445,,Lab1,02-01-2021,00:00:38
62445,,Lab1,02-01-2021,00:01:00
62445,,Lab1,02-01-2021,00:01:24
62445,,Lab1,02-01-2021,00:11:00
62445,Unknown,Lab1,02-01-2021,00:11:10
62445,,Lab1,02-01-2021,00:11:13
62445,Unknown,Lab1,02-01-2021,00:11:14
62445,62647,Lab1,02-01-2021,00:11:17
62647,62445,Lab1,02-01-2021,00:11:17
62445,62647,Lab1,02-01-2021,00:11:21
62647,62445,Lab1,02-01-2021,00:11:21
62445,62647,Lab1,02-01-2021,00:11:24
62647,62445,Lab1,02-01-2021,00:11:24
62445,,Lab1,02-01-2021,00:11:25
12345,,Lab1,31-01-2021,18:40:36
62987,,Lab1,31-01-2021,18:40:49
62987,,Lab1,31-01-2021,18:41:11
62987,,Lab1,31-01-2021,18:41:32
62987,,Lab1,31-01-2021,18:41:53
62445,,Lab1,31-01-2021,18:42:15
62442,,Corridor1,22-04-2021,23:41:59
60838,,Corridor1,22-04-2021,23:42:02
Saadain,,Corridor1,22-04-2021,23:57:28
Saadain,,Corridor1,22-04-2021,23:57:30
Saadain,,Corridor1,22-04-2021,23:57:37
62442,,Corridor1,22-04-2021,23:57:42
62442,,Corridor1,23-04-2021,00:03:12
Saadain,,Corridor1,23-04-2021,00:03:13
62442,,Corridor1,23-04-2021,00:03:18
Saadain,,Corridor1,23-04-2021,00:03:20
62442,,Corridor1,23-04-2021,00:03:21
Saadain,,Corridor1,23-04-2021,00:03:23
62442,,Corridor1,23-04-2021,00:03:31
Saadain,,Corridor1,23-04-2021,00:03:36
62442,,Corridor1,23-04-2021,00:03:41
Saadain,,Corridor1,23-04-2021,00:03:45
62442,,Corridor1,23-04-2021,00:03:47
60838,,Corridor1,23-04-2021,00:03:51
62445,,Corridor1,23-04-2021,00:06:37
62445,,Corridor1,23-04-2021,00:07:01
62445,,Corridor1,23-04-2021,00:07:41
62445,,Corridor1,23-04-2021,00:11:37
62445,,Corridor1,23-04-2021,00:20:11
62445,,Corridor1,23-04-2021,00:21:46
Saadain,,Corridor1,23-04-2021,00:26:29
Saadain,,Corridor1,23-04-2021,00:26:39
Saadain,,Corridor1,23-04-2021,00:26:43
Saadain,,Corridor1,23-04-2021,00:26:49
Saadain,,Corridor1,23-04-2021,00:26:52
Saadain,,Corridor1,23-04-2021,00:26:59
Saadain,,Corridor1,23-04-2021,00:27:01
89739,,Corridor1,23-04-2021,00:27:03
Saadain,,Corridor1,23-04-2021,00:27:05
Saadain,,Corridor1,23-04-2021,00:27:14
Saadain,,Corridor1,23-04-2021,00:27:16
Saadain,,Corridor1,23-04-2021,00:27:21
Saadain,,Corridor1,23-04-2021,00:27:34
Saadain,,Corridor1,23-04-2021,00:27:39
Saadain,,Corridor1,23-04-2021,00:27:44
Saadain,,Corridor1,23-04-2021,00:27:48
Saadain,,Corridor1,23-04-2021,00:28:12
Saadain,,Corridor1,23-04-2021,00:28:19
Saadain,,Corridor1,23-04-2021,00:28:37
Saadain,,Corridor1,23-04-2021,00:28:42
62445,,Corridor1,23-04-2021,00:30:09
62445,,Corridor1,23-04-2021,00:30:30
62445,,Corridor1,23-04-2021,00:30:51
62445,,Corridor1,23-04-2021,00:30:54
12345,,Corridor1,23-04-2021,00:31:06
62445,,Corridor1,23-04-2021,00:31:07
62445,,Corridor1,23-04-2021,00:31:28
62445,,Corridor1,23-04-2021,01:37:44
62445,,Corridor1,23-04-2021,01:37:51
62424,,Corridor1,23-04-2021,01:37:56
62445,,Corridor1,23-04-2021,01:37:58
62445,,Corridor1,23-04-2021,01:38:19
62445,,Corridor1,23-04-2021,01:38:41
62445,,Corridor1,23-04-2021,02:07:48
62445,,Corridor1,23-04-2021,02:08:10
62445,,Corridor1,23-04-2021,02:08:31
62445,,Corridor1,23-04-2021,02:08:53
62445,,Corridor1,23-04-2021,02:09:07
62445,,Corridor1,23-04-2021,02:09:11
62445,,Corridor1,23-04-2021,02:09:13
62445,,Corridor1,23-04-2021,02:09:18
62445,,Corridor1,23-04-2021,02:10:30
62445,,Corridor1,23-04-2021,02:10:47
62445,,Corridor1,23-04-2021,19:42:36
62445,,Corridor1,23-04-2021,19:42:43
62445,,Corridor1,23-04-2021,19:43:06
62445,,Corridor1,23-04-2021,19:43:27
62424,,Corridor1,23-04-2021,19:43:38
62445,,Corridor1,23-04-2021,19:43:40
62445,,Corridor1,23-04-2021,19:44:01
62445,,Corridor1,23-04-2021,19:44:23
12345,,Corridor1,23-04-2021,19:44:25
62445,,Corridor1,23-04-2021,19:44:27
62445,,Corridor1,23-04-2021,19:44:31
62445,,Corridor1,23-04-2021,19:44:50
62445,,Corridor1,23-04-2021,19:45:13
62424,,Corridor1,23-04-2021,19:45:32
62424,,Corridor1,23-04-2021,19:45:37
62445,,Corridor1,23-04-2021,19:45:41
62445,,Corridor1,23-04-2021,19:46:05
62445,,Corridor1,23-04-2021,19:46:15
62424,62445,Corridor1,23-04-2021,19:46:35
62445,62424,Corridor1,23-04-2021,19:46:35
62445,,Corridor1,23-04-2021,19:46:37
62445,,Corridor1,23-04-2021,19:46:46
62445,,Corridor1,23-04-2021,19:47:10
62445,,Corridor1,23-04-2021,19:47:17
62445,,Corridor1,23-04-2021,19:47:24
62445,,Corridor1,23-04-2021,19:47:44
62445,,Corridor1,23-04-2021,19:48:06
62445,,Corridor1,23-04-2021,19:48:29
62445,,Corridor1,23-04-2021,20:02:16
62445,,Corridor1,23-04-2021,20:03:12
62445,,Corridor1,23-04-2021,20:03:43
62445,,Corridor1,23-04-2021,20:03:51
62445,,Corridor1,23-04-2021,20:03:54
12345,,Corridor1,23-04-2021,20:04:19
62445,,Corridor1,23-04-2021,20:04:20
62445,,Corridor1,23-04-2021,20:04:40
62445,,Corridor1,23-04-2021,20:05:04
62445,,Corridor1,23-04-2021,20:05:21
62445,,Corridor1,23-04-2021,20:05:42
62445,,Corridor1,23-04-2021,20:06:03
62424,62445,Corridor1,23-04-2021,20:06:07
62445,62424,Corridor1,23-04-2021,20:06:07
62445,,Corridor1,23-04-2021,20:06:13
62445,,Corridor1,23-04-2021,20:06:17
12345,,Corridor1,23-04-2021,20:06:35
62445,,Corridor1,23-04-2021,20:06:36
62445,,Corridor1,23-04-2021,20:06:59
62445,,Corridor1,23-04-2021,20:07:22
62445,,Corridor1,23-04-2021,20:07:39
62445,,Corridor1,23-04-2021,20:07:56
62445,,Corridor1,23-04-2021,20:08:16
12345,,Corridor1,23-04-2021,20:08:23
62445,,Corridor1,23-04-2021,20:08:28
12345,,Corridor1,23-04-2021,20:08:48
62445,,Corridor1,23-04-2021,20:08:50
12345,,Corridor1,23-04-2021,20:09:04
62445,,Corridor1,23-04-2021,20:09:06
62445,,Corridor1,23-04-2021,20:09:31
62445,,Corridor1,23-04-2021,20:09:52
62445,,Corridor1,23-04-2021,20:10:14
62445,,Corridor1,23-04-2021,20:10:35
62424,,Corridor1,23-04-2021,20:10:44
62445,,Corridor1,23-04-2021,20:10:46
62445,,Corridor1,23-04-2021,20:11:08
62445,,Corridor1,23-04-2021,20:11:33
12345,,Corridor1,23-04-2021,20:11:40
62445,,Corridor1,23-04-2021,20:11:41
62445,,Corridor1,23-04-2021,20:12:02
62445,,Corridor1,23-04-2021,20:12:09
62445,,Corridor1,23-04-2021,20:16:49
62445,,Corridor1,23-04-2021,20:17:12
62424,,Corridor1,23-04-2021,20:17:14
12345,,Corridor1,23-04-2021,20:17:30
62445,,Corridor1,23-04-2021,20:17:32
62445,,Corridor1,23-04-2021,20:18:10
62445,,Corridor1,23-04-2021,20:18:40
62424,62445,Corridor1,23-04-2021,20:18:51
62445,62424,Corridor1,23-04-2021,20:18:51
62445,,Corridor1,23-04-2021,20:18:52
12345,,Corridor1,23-04-2021,20:18:56
62445,,Corridor1,23-04-2021,20:18:57
12345,,Corridor1,23-04-2021,20:19:11
62445,,Corridor1,23-04-2021,20:19:12
62445,,Corridor1,23-04-2021,20:19:34
62445,,Corridor1,23-04-2021,20:19:59
62445,,Corridor1,23-04-2021,20:20:28
62445,,Corridor1,23-04-2021,20:20:43
62424,,Corridor1,23-04-2021,20:20:56
62445,,Corridor1,23-04-2021,20:20:58
62445,,Corridor1,23-04-2021,20:21:16
62445,,Corridor1,23-04-2021,20:21:38
62424,62445,Corridor1,23-04-2021,20:21:58
62445,62424,Corridor1,23-04-2021,20:21:58
62445,,Corridor1,23-04-2021,20:22:00
62445,,Corridor1,23-04-2021,20:22:09
12345,,Corridor1,23-04-2021,20:22:30
62445,,Corridor1,23-04-2021,20:22:34
62445,,Corridor1,23-04-2021,20:22:58
62445,,Corridor1,23-04-2021,20:23:02
62445,,Corridor1,23-04-2021,20:23:26
62445,,Corridor1,23-04-2021,20:23:57
62445,,Corridor1,23-04-2021,20:24:05
12345,,Corridor1,23-04-2021,20:27:48
62445,,Corridor1,23-04-2021,20:27:50
62424,,Corridor1,23-04-2021,20:27:57
62445,,Corridor1,23-04-2021,20:28:40
62445,,Corridor1,23-04-2021,20:28:47
62445,,Corridor1,23-04-2021,20:29:08
62445,,Corridor1,23-04-2021,20:29:15
62445,,Corridor1,23-04-2021,20:29:33
62445,,Corridor1,23-04-2021,20:29:40
62424,,Corridor1,23-04-2021,20:29:41
62445,,Corridor1,23-04-2021,20:29:44
62445,,Corridor1,23-04-2021,20:29:48
62445,,Corridor1,23-04-2021,20:29:52
62445,,Corridor1,23-04-2021,20:30:00
62445,,Corridor1,23-04-2021,20:30:18
62445,,Corridor1,23-04-2021,20:30:35
62445,,Corridor1,23-04-2021,20:30:41
62445,,Corridor1,23-04-2021,20:30:52
62445,,Corridor1,23-04-2021,20:31:06
62445,,Corridor1,23-04-2021,20:31:41
62445,,Corridor1,23-04-2021,20:31:58
62424,,Corridor1,23-04-2021,20:32:00
62445,,Corridor1,23-04-2021,20:32:02
12345,,Corridor1,23-04-2021,20:32:07
62424,,Corridor1,23-04-2021,20:32:28
62445,,Corridor1,23-04-2021,20:32:37
62424,,Corridor1,23-04-2021,20:32:41
62445,,Corridor1,23-04-2021,20:32:49
62424,,Corridor1,23-04-2021,20:32:54
62445,,Corridor1,23-04-2021,20:33:03
62424,,Corridor1,23-04-2021,20:33:05
62445,,Corridor1,23-04-2021,20:33:07
62445,,Corridor1,23-04-2021,20:33:32
62445,,Corridor1,23-04-2021,20:33:54
62445,,Corridor1,23-04-2021,20:34:16
62424,,Corridor1,23-04-2021,20:34:55
62445,,Corridor1,23-04-2021,20:35:02
62424,,Corridor1,23-04-2021,20:35:20
62445,,Corridor1,23-04-2021,20:35:23
62445,,Corridor1,23-04-2021,20:35:52
62445,,Corridor1,23-04-2021,20:35:58
62445,,Corridor1,23-04-2021,20:36:04
62445,,Corridor1,23-04-2021,20:36:28
62445,,Corridor1,23-04-2021,20:36:58
62424,,Corridor1,23-04-2021,20:37:15
62445,,Corridor1,23-04-2021,20:37:19
62445,,Corridor1,23-04-2021,20:37:52
62424,,Corridor1,23-04-2021,20:38:06
62445,,Corridor1,23-04-2021,20:38:14
12345,,Corridor1,23-04-2021,20:38:29
62445,,Corridor1,23-04-2021,20:39:22
62424,,Corridor1,23-04-2021,20:40:02
62445,,Corridor1,23-04-2021,20:40:06
62424,,Corridor1,23-04-2021,20:42:27
62445,,Corridor1,23-04-2021,20:45:04
62445,,Corridor1,23-04-2021,20:45:13
12345,,Corridor1,23-04-2021,20:45:35
62445,,Corridor1,23-04-2021,20:45:38
62445,,Corridor1,23-04-2021,20:45:56
62445,,Corridor1,23-04-2021,20:46:19
12345,,Corridor1,23-04-2021,20:46:21
62424,,Corridor1,23-04-2021,20:46:30
62445,,Corridor1,23-04-2021,20:46:36
62445,,Corridor1,23-04-2021,20:48:07
62445,,Corridor1,23-04-2021,20:48:30
62445,,Corridor1,23-04-2021,20:48:53
62445,,Corridor1,23-04-2021,20:53:43
62445,,Corridor1,23-04-2021,20:53:57
12345,,Corridor1,23-04-2021,20:54:21
62988,,Corridor1,23-04-2021,20:54:25
62445,,Corridor1,23-04-2021,20:54:29
62445,,Corridor1,23-04-2021,20:54:42
62445,,Corridor1,23-04-2021,20:54:47
62647,,Corridor1,24-04-2021,15:48:59
62445,,Corridor1,24-04-2021,15:49:29
62445,,Corridor1,24-04-2021,15:49:43
12345,,Corridor1,28-04-2021,21:21:47
62445,,Corridor1,28-04-2021,21:21:49
12345,,Corridor1,28-04-2021,21:22:01
62445,,Corridor1,28-04-2021,21:22:05
12345,,Corridor1,28-04-2021,21:22:15
62445,,Corridor1,28-04-2021,21:22:42
62445,,Corridor1,28-04-2021,21:22:56
12345,,Corridor1,28-04-2021,21:23:42
62445,,Corridor1,28-04-2021,21:23:46
62445,,Corridor1,28-04-2021,21:27:07
62445,,Corridor1,28-04-2021,21:27:21
62445,,Corridor1,28-04-2021,21:27:37
62424,,Corridor1,28-04-2021,21:27:47
62445,,Corridor1,28-04-2021,21:28:08
62445,,Corridor1,28-04-2021,21:28:30
12345,,Corridor1,28-04-2021,21:28:33
62445,,Corridor1,28-04-2021,21:28:36
62424,Unknown,Corridor1,28-04-2021,21:28:40
62445,,Corridor1,28-04-2021,21:28:44
62647,,Corridor1,18-05-2021,22:43:11
62647,,Corridor1,18-05-2021,22:43:41
62647,,Corridor1,18-05-2021,22:44:05
62647,,Corridor1,18-05-2021,22:44:28
62987,,Corridor1,18-05-2021,22:44:40
62647,,Corridor1,18-05-2021,22:44:42
62987,,Corridor1,18-05-2021,22:45:00
62647,,Corridor1,18-05-2021,22:45:02
62647,,Corridor1,18-05-2021,22:45:13
62647,,Corridor1,18-05-2021,22:45:35
62647,,Corridor1,18-05-2021,22:45:57
62647,,Corridor1,18-05-2021,22:46:19
62647,,Corridor1,18-05-2021,22:46:44
62647,,Corridor1,18-05-2021,22:47:08
62988,,Corridor1,20-05-2021,00:14:55
62988,,Corridor1,20-05-2021,00:15:00
62987,62988,Corridor1,20-05-2021,00:15:18
62988,62987,Corridor1,20-05-2021,00:15:18
62987,,Corridor1,20-05-2021,00:15:19
62987,,Corridor1,20-05-2021,00:15:22
62987,,Corridor1,20-05-2021,00:15:25
62987,,Corridor1,20-05-2021,00:15:28
62424,Unknown,Corridor1,20-05-2021,00:15:31
62987,,Corridor1,20-05-2021,00:15:33
62424,,Corridor1,20-05-2021,00:15:58
62445,62987,Corridor1,20-05-2021,00:17:25
62987,62445,Corridor1,20-05-2021,00:17:25
62445,,Corridor1,20-05-2021,00:17:32
62987,,Corridor1,20-05-2021,00:22:29
62424,,Corridor1,20-05-2021,00:22:35
62424,,Corridor1,20-05-2021,00:22:43
62987,,Corridor1,20-05-2021,00:22:44
62987,,Corridor1,20-05-2021,00:22:49
62424,,Corridor1,20-05-2021,00:22:58
62424,,Corridor1,20-05-2021,00:24:06
62445,,Corridor1,22-05-2021,16:54:47
62445,,Corridor1,22-05-2021,16:55:09
62445,,Corridor1,22-05-2021,16:55:31
62445,,Corridor1,22-05-2021,16:55:52
62445,,Corridor1,22-05-2021,16:56:13
62424,,Corridor1,22-05-2021,16:57:53
62445,,Corridor1,22-05-2021,16:57:57
62445,,Corridor1,22-05-2021,16:58:29
62445,,Corridor1,22-05-2021,17:00:41
62445,,Corridor1,22-05-2021,17:01:02
62987,,Corridor1,22-05-2021,17:01:17
62445,,Corridor1,22-05-2021,18:41:52
62445,,cafe1,22-05-2021,18:41:52
62424,,cafe1,22-05-2021,18:42:02
62445,,cafe1,22-05-2021,18:45:41
62445,,cafe1,22-05-2021,18:45:49
62445,,cafe1,22-05-2021,18:46:10
62445,,cafe1,22-05-2021,18:46:25
62445,,cafe1,22-05-2021,18:46:59
62445,,cafe1,22-05-2021,18:47:20
62445,,cafe1,22-05-2021,18:47:23
62424,,cafe1,22-05-2021,18:47:24
62445,,cafe1,22-05-2021,18:47:26
12345,,Corridor1,22-05-2021,18:51:46
62445,,Corridor1,22-05-2021,18:51:46
62445,,Corridor1,22-05-2021,18:51:58
62445,,Corridor1,22-05-2021,18:52:19
62445,,Corridor1,22-05-2021,19:14:40
62424,62445,cafe1,22-05-2021,19:16:22
62445,62424,cafe1,22-05-2021,19:16:22
62445,,cafe1,22-05-2021,19:16:25
62445,,cafe1,22-05-2021,19:18:45
62647,,cafe1,22-05-2021,19:19:06
62445,,cafe1,22-05-2021,19:19:19
62445,,cafe1,22-05-2021,19:26:03
62445,,cafe1,22-05-2021,19:27:14
62647,,cafe1,22-05-2021,21:42:31
62647,,cafe1,22-05-2021,21:42:52
62647,,cafe1,22-05-2021,21:43:14
62647,,cafe1,22-05-2021,21:43:38
62647,,cafe1,22-05-2021,21:44:00
62647,,cafe1,22-05-2021,21:44:09
62987,,cafe1,22-05-2021,21:44:27
62987,,cafe1,22-05-2021,21:44:36
62424,,cafe1,22-05-2021,21:44:50
62445,,cafe1,22-05-2021,21:44:52
62445,,cafe1,22-05-2021,21:45:14
62445,,cafe1,22-05-2021,21:45:40
62445,,cafe1,22-05-2021,21:46:20
62445,,cafe1,22-05-2021,21:46:29
62445,,cafe1,22-05-2021,21:46:47
62445,,cafe1,22-05-2021,21:47:13
62424,,cafe1,22-05-2021,21:47:38
62445,,cafe1,22-05-2021,21:47:40
62445,,cafe1,22-05-2021,21:48:04
62445,,cafe1,22-05-2021,21:48:27
62445,,cafe1,23-05-2021,13:08:59
62445,,cafe1,23-05-2021,13:09:21
62445,,cafe1,23-05-2021,13:09:43
62445,,cafe1,23-05-2021,13:10:04
62445,,cafe1,23-05-2021,13:10:26
62445,,cafe1,23-05-2021,13:10:42
62445,,cafe1,23-05-2021,13:10:54
62445,,cafe1,23-05-2021,13:11:05
62445,,cafe1,23-05-2021,13:11:09
62445,,cafe1,23-05-2021,13:11:20
62445,,cafe1,23-05-2021,13:11:38
62445,,cafe1,23-05-2021,13:12:02
62445,,cafe1,23-05-2021,13:12:25
62445,,cafe1,23-05-2021,13:12:47
62445,,cafe1,23-05-2021,13:13:10
62445,,cafe1,23-05-2021,13:13:32
62445,,cafe1,23-05-2021,13:13:46
62445,,cafe1,23-05-2021,13:14:08
62445,,cafe1,23-05-2021,13:14:29
62445,,cafe1,23-05-2021,13:14:50
62445,,cafe1,23-05-2021,13:15:19
62445,,cafe1,23-05-2021,13:16:09
62445,,cafe1,23-05-2021,13:16:30
62445,,cafe1,23-05-2021,13:16:52
62445,,cafe1,23-05-2021,13:17:13
62445,,cafe1,23-05-2021,13:17:20
62445,,cafe1,23-05-2021,13:18:15
62424,,cafe1,23-05-2021,13:18:43
62445,,cafe1,23-05-2021,13:18:44
62424,,cafe1,23-05-2021,13:18:49
62424,,cafe1,23-05-2021,13:18:52
62424,,cafe1,23-05-2021,13:18:55
62445,,cafe1,23-05-2021,13:19:03
62445,,cafe1,23-05-2021,13:19:24
62445,,cafe1,23-05-2021,13:19:46
62445,,cafe1,23-05-2021,13:20:08
62424,,cafe1,23-05-2021,13:20:33
62445,,cafe1,23-05-2021,13:20:37
62445,,cafe1,23-05-2021,13:20:57
62424,,cafe1,23-05-2021,13:20:59
62445,,cafe1,23-05-2021,13:21:03
62424,,cafe1,23-05-2021,13:21:05
62424,,cafe1,23-05-2021,13:21:33
62445,,corridor1,23-05-2021,13:22:22
62445,,cafe1,23-05-2021,13:22:26
62445,,corridor1,23-05-2021,13:29:29
62445,,corridor1,23-05-2021,13:29:45
62424,,corridor1,23-05-2021,13:29:49
62445,,corridor1,23-05-2021,13:29:53
62445,,corridor1,23-05-2021,13:29:56
62445,,cafe1,23-05-2021,13:30:04
62445,,cafe1,23-05-2021,13:30:16
62445,,corridor1,23-05-2021,13:30:17
62445,,corridor1,23-05-2021,13:30:23
62445,Unknown,corridor1,23-05-2021,13:31:02
62445,,cafe1,23-05-2021,13:31:12
62445,Unknown,corridor1,23-05-2021,13:31:16
62445,,corridor1,23-05-2021,13:31:23
62445,,cafe1,23-05-2021,13:31:38
62445,,cafe1,23-05-2021,13:32:02
62424,,corridor1,23-05-2021,13:32:17
62445,,cafe1,23-05-2021,13:32:27
12345,,corridor1,23-05-2021,13:32:27
62445,,corridor1,23-05-2021,13:32:38
62445,,corridor1,23-05-2021,13:32:47
62445,,cafe1,23-05-2021,13:32:50
62445,,corridor1,23-05-2021,13:32:54
62445,,cafe1,23-05-2021,13:33:09
12345,,corridor1,23-05-2021,13:33:09
62445,,corridor1,23-05-2021,13:33:18
62445,,corridor1,23-05-2021,13:33:28
62445,,cafe1,23-05-2021,13:33:34
62445,,corridor1,23-05-2021,13:33:41
62445,,cafe1,23-05-2021,13:33:43
62445,,corridor1,23-05-2021,13:33:51
62445,,cafe1,23-05-2021,13:34:06
62445,,corridor1,23-05-2021,13:34:11
62445,,cafe1,23-05-2021,13:34:29
62445,Unknown,cafe1,23-05-2021,13:34:51
62445,,cafe1,23-05-2021,13:34:54
62445,,corridor1,23-05-2021,13:35:01
Unknown,,cafe1,23-05-2021,13:35:06
62445,Unknown,cafe1,23-05-2021,13:35:10
62445,,cafe1,23-05-2021,13:35:12
62445,Unknown,cafe1,23-05-2021,13:35:16
62445,,cafe1,23-05-2021,13:35:21
62445,,corridor1,23-05-2021,13:35:26
62445,,corridor1,23-05-2021,13:39:46
62445,,corridor1,23-05-2021,13:39:58
62445,,corridor1,23-05-2021,13:40:15
62424,,corridor1,23-05-2021,13:40:21
62445,,corridor1,23-05-2021,13:40:25
62424,,cafe1,23-05-2021,14:11:17
62424,,cafe1,23-05-2021,14:15:47
62424,,cafe1,23-05-2021,14:15:53
62424,,cafe1,23-05-2021,14:15:57
62424,Unknown,cafe1,23-05-2021,14:16:25
62424,,cafe1,23-05-2021,14:16:30
62424,,cafe1,23-05-2021,14:18:20
62424,,cafe1,23-05-2021,14:18:44
62424,,cafe1,23-05-2021,14:18:48
62424,Unknown,cafe1,23-05-2021,14:19:06
62424,,cafe1,23-05-2021,14:19:08
62445,,cafe1,23-05-2021,14:19:58
62445,,cafe1,23-05-2021,14:20:14
62445,,cafe1,23-05-2021,14:20:35
62445,,cafe1,23-05-2021,14:20:57
62445,,cafe1,23-05-2021,14:21:19
62445,,cafe1,23-05-2021,14:21:40
62445,,cafe1,23-05-2021,14:21:48
62445,,cafe1,23-05-2021,14:22:10
62445,,cafe1,23-05-2021,14:22:32
62445,,cafe1,23-05-2021,14:22:54
62445,,cafe1,23-05-2021,14:23:16
62445,,cafe1,23-05-2021,14:23:37
62445,,cafe1,23-05-2021,14:23:59
62445,,cafe1,23-05-2021,14:24:20
62445,,cafe1,23-05-2021,14:24:42
62445,,cafe1,23-05-2021,14:25:03
62445,,cafe1,23-05-2021,14:25:25
62445,,cafe1,23-05-2021,14:25:46
62445,,cafe1,23-05-2021,14:26:05
62445,,cafe1,23-05-2021,14:26:09
62445,,cafe1,23-05-2021,14:26:30
62445,,cafe1,23-05-2021,14:26:52
62445,,cafe1,23-05-2021,14:27:13
62445,,cafe1,23-05-2021,14:27:35
12345,,cafe1,23-05-2021,14:27:59
62445,,cafe1,23-05-2021,14:28:02
12345,,cafe1,23-05-2021,14:28:06
62445,,cafe1,23-05-2021,14:28:14
12345,,cafe1,23-05-2021,14:28:18
62424,,cafe1,23-05-2021,14:28:21
12345,,cafe1,23-05-2021,14:28:22
62445,,cafe1,23-05-2021,14:28:29
12345,,cafe1,23-05-2021,14:28:31
62445,,cafe1,23-05-2021,14:28:37
62445,,cafe1,23-05-2021,14:29:00
62445,,cafe1,23-05-2021,14:29:22
62445,,cafe1,23-05-2021,14:29:33
62445,,cafe1,23-05-2021,14:29:39
62445,,cafe1,23-05-2021,14:30:02
62445,,cafe1,23-05-2021,14:30:09
62445,,cafe1,23-05-2021,14:30:31
62445,,cafe1,23-05-2021,14:30:41
62445,,cafe1,23-05-2021,14:31:02
62445,,cafe1,23-05-2021,14:31:23
62445,,cafe1,23-05-2021,14:31:44
62445,,cafe1,23-05-2021,20:30:37
62445,,cafe1,23-05-2021,20:30:56
62445,,cafe1,23-05-2021,20:30:58
62445,,cafe1,23-05-2021,20:31:19
62445,,cafe1,23-05-2021,20:31:42
62445,,cafe1,23-05-2021,20:32:04
62445,,cafe1,23-05-2021,20:32:42
62445,,cafe1,23-05-2021,20:33:03
62445,,cafe1,23-05-2021,20:33:25
62445,,cafe1,23-05-2021,20:34:15
62445,,cafe1,23-05-2021,20:34:21
62445,,cafe1,23-05-2021,20:34:32
62445,,cafe1,23-05-2021,20:35:04
62445,,cafe1,23-05-2021,20:35:15
62445,,cafe1,23-05-2021,20:35:41
62445,,cafe1,23-05-2021,20:36:05
62445,,cafe1,23-05-2021,20:36:19
62445,,cafe1,23-05-2021,20:36:22
62445,,cafe1,23-05-2021,20:36:27
62445,,cafe1,23-05-2021,20:36:33
62445,,cafe1,23-05-2021,20:36:54
62445,,cafe1,23-05-2021,20:37:15
62445,,cafe1,23-05-2021,20:37:54
62445,,cafe1,23-05-2021,20:38:15
62445,,cafe1,23-05-2021,20:38:21
62445,,cafe1,23-05-2021,20:38:24
62445,,cafe1,23-05-2021,20:38:45
62445,,cafe1,23-05-2021,20:39:07
62445,,cafe1,23-05-2021,20:39:37
62987,,cafe1,23-05-2021,20:39:57
62445,,cafe1,23-05-2021,20:39:59
62445,,cafe1,23-05-2021,20:40:29
62445,,cafe1,23-05-2021,20:41:42
62445,,cafe1,23-05-2021,20:42:54
62445,,cafe1,23-05-2021,20:43:37
62445,,cafe1,23-05-2021,20:43:58
62445,,cafe1,23-05-2021,20:44:19
62445,,cafe1,23-05-2021,20:44:44
62445,,cafe1,23-05-2021,20:47:04
62424,,cafe1,23-05-2021,20:50:35
62445,,cafe1,23-05-2021,20:50:54
62445,,cafe1,23-05-2021,20:51:33
62445,,cafe1,23-05-2021,20:52:08
62445,,cafe1,23-05-2021,20:52:31
62445,,cafe1,23-05-2021,20:52:40
62445,,cafe1,23-05-2021,20:55:19
62445,,cafe1,23-05-2021,20:55:37
62445,,cafe1,23-05-2021,20:55:45
62445,,cafe1,23-05-2021,20:59:45
62445,,cafe1,23-05-2021,21:00:07
62445,,cafe1,23-05-2021,21:00:10
62424,,cafe1,23-05-2021,21:00:23
62445,,cafe1,23-05-2021,21:00:32
62445,,cafe1,23-05-2021,21:03:07
62445,,cafe1,23-05-2021,21:03:53
62445,,cafe1,23-05-2021,21:04:24
62445,,cafe1,23-05-2021,21:04:59
62445,,cafe1,23-05-2021,21:05:20
62445,,cafe1,23-05-2021,21:05:42
62445,,cafe1,23-05-2021,21:06:03
62445,,cafe1,23-05-2021,21:06:24
62445,,cafe1,23-05-2021,21:06:46
62445,,cafe1,23-05-2021,21:07:10
62445,,cafe1,23-05-2021,21:07:29
62445,,cafe1,23-05-2021,21:09:13
62445,Unknown,cafe1,23-05-2021,21:09:18
62445,,cafe1,23-05-2021,21:09:22
62445,,cafe1,23-05-2021,21:09:45
62445,,cafe1,23-05-2021,21:10:33
62445,,cafe1,23-05-2021,21:10:40
62424,,cafe1,23-05-2021,21:10:55
62445,,cafe1,23-05-2021,21:11:01
62987,,cafe1,23-05-2021,21:11:16
62445,,cafe1,23-05-2021,21:11:17
62445,,cafe1,23-05-2021,21:11:33
62445,,cafe1,23-05-2021,21:11:50
62445,,cafe1,23-05-2021,21:12:52
62445,,cafe1,23-05-2021,21:13:39
62445,,cafe1,23-05-2021,21:17:30
62445,,cafe1,23-05-2021,21:20:22
62445,,cafe1,23-05-2021,21:21:03
62445,,cafe1,23-05-2021,21:22:20
62445,,cafe1,23-05-2021,21:23:06
62445,,cafe1,23-05-2021,21:23:25
62445,,cafe1,23-05-2021,21:23:37
62424,,cafe1,23-05-2021,21:23:42
62445,,cafe1,23-05-2021,21:23:47
62445,,cafe1,23-05-2021,21:23:56
62445,,cafe1,23-05-2021,21:24:05
62445,,cafe1,23-05-2021,21:24:07
62445,,cafe1,23-05-2021,21:24:11
62445,,cafe1,23-05-2021,21:24:18
62445,,cafe1,23-05-2021,21:24:22
62445,,cafe1,23-05-2021,21:24:26
62445,,cafe1,23-05-2021,21:24:36
62445,,cafe1,23-05-2021,21:24:52
62445,,cafe1,23-05-2021,21:25:17
62445,,cafe1,23-05-2021,21:25:39
62445,,cafe1,23-05-2021,21:26:01
62445,,cafe1,23-05-2021,21:26:22
62445,,cafe1,23-05-2021,21:26:34
62445,Unknown,cafe1,23-05-2021,21:26:43
62445,Unknown,cafe1,23-05-2021,21:26:45
62445,,cafe1,23-05-2021,21:26:46
62424,,cafe1,23-05-2021,21:27:11
62445,,cafe1,23-05-2021,21:27:20
62445,,cafe1,23-05-2021,21:27:47
62445,,cafe1,23-05-2021,21:28:10
62445,,cafe1,23-05-2021,21:28:32
62445,,cafe1,23-05-2021,21:28:44
62445,,cafe1,23-05-2021,21:29:03
62445,,cafe1,23-05-2021,21:29:24
12345,,cafe1,23-05-2021,21:29:27
62445,,cafe1,23-05-2021,21:29:29
62445,,cafe1,23-05-2021,21:29:51
62445,,cafe1,23-05-2021,21:30:07
62445,,cafe1,23-05-2021,21:30:29
12345,,cafe1,23-05-2021,21:30:47
62445,,cafe1,23-05-2021,21:30:49
62445,,cafe1,23-05-2021,21:31:12
62424,Unknown,Corridor2,24-05-2021,13:34:27
62987,,Corridor2,24-05-2021,13:37:11
62445,,Corridor2,24-05-2021,13:37:11
62647,,Corridor2,24-05-2021,13:37:23
62445,62647,Corridor2,24-05-2021,13:37:25
62647,62445,Corridor2,24-05-2021,13:37:25
62445,,Corridor2,24-05-2021,13:37:38
62445,,Corridor2,24-05-2021,13:38:31
62445,,Corridor2,24-05-2021,13:38:39
62445,,Corridor2,24-05-2021,13:38:45
62445,,Corridor2,24-05-2021,13:45:33
62424,,Corridor1,24-05-2021,13:45:33
62445,,Corridor1,24-05-2021,13:45:35
62424,,Corridor1,24-05-2021,13:45:36
62445,,Corridor1,24-05-2021,13:45:38
62424,,Corridor1,24-05-2021,13:46:44
62445,,Corridor2,24-05-2021,13:46:45
62424,,Corridor1,24-05-2021,13:46:48
62445,,Corridor2,24-05-2021,13:46:50
62445,,Corridor1,24-05-2021,13:46:51
62445,,Corridor2,24-05-2021,13:46:53
62424,,Corridor2,24-05-2021,13:46:55
62445,,Corridor2,24-05-2021,13:46:56
62424,,Corridor1,24-05-2021,13:47:01
62445,,Corridor2,24-05-2021,13:47:05
62424,,Corridor1,24-05-2021,13:47:05
62424,,Corridor2,24-05-2021,13:47:07
62445,,Corridor1,24-05-2021,13:47:08
62445,,Corridor2,24-05-2021,13:47:11
62424,,Corridor2,24-05-2021,13:47:13
62445,,Corridor2,24-05-2021,14:03:29
62424,,Cafe1,24-05-2021,14:03:37
62445,,Corridor2,24-05-2021,14:03:45
62445,,Corridor1,24-05-2021,14:03:46
62424,,Corridor1,24-05-2021,14:04:01
62424,,Corridor2,24-05-2021,14:04:04
62445,,Corridor1,24-05-2021,14:04:04
62445,,Corridor2,24-05-2021,14:04:05
62424,,Corridor2,24-05-2021,14:04:09
62445,,Corridor2,24-05-2021,14:04:11
62424,,Corridor2,24-05-2021,14:04:13
62445,,Corridor2,24-05-2021,14:04:15
62445,,Corridor1,24-05-2021,14:04:17
62445,,Corridor2,24-05-2021,14:04:18
62424,,Corridor2,24-05-2021,14:04:22
62445,,Corridor2,24-05-2021,14:04:24
62424,,Corridor2,24-05-2021,14:04:27
62445,,Corridor2,24-05-2021,14:04:28
12345,,Corridor2,24-05-2021,14:04:30
62445,,Corridor2,24-05-2021,14:04:31
62424,,Corridor2,24-05-2021,14:04:34
62445,,Corridor2,24-05-2021,14:04:35
62424,,Corridor2,24-05-2021,14:04:38
62445,,Corridor2,24-05-2021,14:04:39
62445,,Corridor1,24-05-2021,14:04:39
62424,,Corridor1,24-05-2021,14:04:42
62445,,Corridor1,24-05-2021,14:04:43
62424,,Corridor1,24-05-2021,14:04:46
62445,,Corridor1,24-05-2021,14:04:49
62445,,Cafe1,24-05-2021,14:05:44
62445,,Cafe1,24-05-2021,14:06:12
62445,,Cafe1,24-05-2021,14:06:46
62445,,Cafe1,24-05-2021,14:07:36
62445,,Cafe1,24-05-2021,14:08:19
62445,,Cafe1,24-05-2021,14:08:40
62445,,Cafe1,24-05-2021,14:09:01
62445,,Cafe1,24-05-2021,14:09:38
62445,,Cafe1,24-05-2021,14:10:03
62445,,Cafe1,24-05-2021,14:10:23
62445,,Cafe1,24-05-2021,14:10:44
62445,,Cafe1,24-05-2021,14:10:47
62445,,Cafe1,24-05-2021,14:11:16
62445,,Cafe1,24-05-2021,14:11:44
62445,,Cafe1,24-05-2021,14:12:06
62445,,Cafe1,24-05-2021,14:12:11
62445,,Cafe1,24-05-2021,14:12:27
62445,,Cafe1,24-05-2021,14:12:47
62445,,Cafe1,24-05-2021,14:13:09
62445,,Cafe1,24-05-2021,14:13:10
62445,,Cafe1,24-05-2021,14:13:32
62987,,Cafe1,24-05-2021,14:13:35
62445,,Cafe1,24-05-2021,14:13:36
62445,,Cafe1,24-05-2021,14:49:46
62445,,Corridor1,24-05-2021,14:53:23
62647,,Corridor2,24-05-2021,15:06:05
62424,,Corridor1,24-05-2021,15:06:07
62445,,Corridor1,24-05-2021,15:06:11
62424,,Corridor1,24-05-2021,15:06:13
62445,,Corridor1,24-05-2021,15:06:24
62424,,Corridor2,24-05-2021,15:06:24
62647,,Corridor2,24-05-2021,15:06:25
62424,,Corridor1,24-05-2021,15:06:27
62424,62445,Corridor1,24-05-2021,15:06:38
62424,62647,Corridor2,24-05-2021,15:06:38
62647,62424,Corridor2,24-05-2021,15:06:38
62445,62424,Corridor1,24-05-2021,15:06:38
62647,,Corridor2,24-05-2021,15:06:39
62424,,Corridor1,24-05-2021,15:06:41
62445,,Corridor1,24-05-2021,15:07:01
62424,,Corridor2,24-05-2021,15:07:01
62647,,Corridor2,24-05-2021,15:07:02
62424,,Corridor2,24-05-2021,15:07:04
62647,,Corridor2,24-05-2021,15:07:05
62424,,Corridor1,24-05-2021,15:07:08
62647,,Corridor1,24-05-2021,15:42:08
62424,,Corridor2,24-05-2021,15:42:34
62424,,Corridor1,24-05-2021,15:42:34
62424,,Corridor2,24-05-2021,15:43:57
62647,,Corridor1,24-05-2021,15:43:57
62647,,Corridor1,24-05-2021,15:44:24
62424,,Corridor2,24-05-2021,15:44:27
62647,,Corridor1,24-05-2021,19:11:46
62445,,Corridor1,24-05-2021,19:11:56
62445,62647,Corridor1,24-05-2021,19:11:58
62647,62445,Corridor1,24-05-2021,19:11:58
62647,,Corridor1,24-05-2021,19:12:02
62445,62647,Corridor1,24-05-2021,19:12:05
62647,62445,Corridor1,24-05-2021,19:12:05
62647,,Corridor1,24-05-2021,19:12:10
62445,62647,Corridor1,24-05-2021,19:12:13
62647,62445,Corridor1,24-05-2021,19:12:13
62445,62647,Corridor1,24-05-2021,19:12:16
62647,62445,Corridor1,24-05-2021,19:12:16
62647,,Corridor1,24-05-2021,19:12:18
62445,Unknown,Corridor1,24-05-2021,19:12:21
62445,,Corridor1,24-05-2021,19:12:22
62647,,Corridor1,24-05-2021,19:12:24
62424,,Corridor1,24-05-2021,19:12:36
62647,,Corridor1,24-05-2021,19:12:41
62647,,Corridor1,24-05-2021,19:13:07
62647,,Cafe1,24-05-2021,19:14:21
62647,,Cafe1,24-05-2021,19:14:45
62647,,Cafe1,24-05-2021,19:15:08
62647,,Cafe1,24-05-2021,19:15:29
62424,,Cafe1,24-05-2021,19:15:38
62647,,Cafe1,24-05-2021,19:15:41
62647,,Cafe1,24-05-2021,19:16:05
62647,,Corridor1,25-05-2021,09:14:20
62445,62647,Corridor1,25-05-2021,09:14:25
62647,62445,Corridor1,25-05-2021,09:14:25
62647,,Corridor1,25-05-2021,09:14:29
62445,,Corridor1,25-05-2021,09:14:36
62445,,Lab1,25-05-2021,09:14:46
62647,,Corridor1,25-05-2021,09:14:50
62445,,Corridor1,25-05-2021,09:14:52
62647,,Corridor1,25-05-2021,09:14:54
62445,,Corridor1,25-05-2021,09:15:02
62445,,Lab1,25-05-2021,09:15:06
12345,,Lab1,25-05-2021,09:15:19
62647,,Corridor1,25-05-2021,09:15:21
62647,,Lab1,25-05-2021,09:15:21
62445,,Corridor1,25-05-2021,09:15:30
62445,62647,Corridor1,25-05-2021,09:15:33
62647,62445,Corridor1,25-05-2021,09:15:33
62647,,Corridor1,25-05-2021,09:15:35
62647,Unknown,Corridor1,25-05-2021,09:15:38
62647,,Corridor1,25-05-2021,09:15:42
62445,62647,Corridor1,25-05-2021,09:15:44
62647,62445,Corridor1,25-05-2021,09:15:44
62647,,Corridor1,25-05-2021,09:15:46
62647,,Corridor2,25-05-2021,09:17:52
62445,62647,Corridor2,25-05-2021,09:17:59
62647,62445,Corridor2,25-05-2021,09:17:59
62445,62647,Corridor2,25-05-2021,09:18:02
62647,62445,Corridor2,25-05-2021,09:18:02
62647,,Corridor2,25-05-2021,09:18:08
62647,,Corridor1,25-05-2021,09:18:09
62445,62647,Corridor2,25-05-2021,09:18:26
62647,62445,Corridor2,25-05-2021,09:18:26
62445,,Corridor1,25-05-2021,09:18:30
62445,62647,Corridor2,25-05-2021,09:18:30
62647,62445,Corridor2,25-05-2021,09:18:30
62445,62647,Corridor1,25-05-2021,09:18:33
62647,62445,Corridor1,25-05-2021,09:18:33
62647,,Corridor2,25-05-2021,09:18:33
62445,62647,Corridor2,25-05-2021,09:18:45
62647,62445,Corridor2,25-05-2021,09:18:45
62445,62647,Corridor2,25-05-2021,09:18:48
62647,62445,Corridor2,25-05-2021,09:18:48
62647,,Corridor2,25-05-2021,09:18:50
62445,62647,Corridor2,25-05-2021,09:18:55
62647,62445,Corridor2,25-05-2021,09:18:55
62445,,Corridor2,25-05-2021,09:18:57
62445,,Corridor1,25-05-2021,09:19:01
62445,62647,Corridor2,25-05-2021,09:19:01
62647,62445,Corridor2,25-05-2021,09:19:01
62647,,Corridor1,25-05-2021,09:19:06
62647,,Corridor2,25-05-2021,09:19:06
62647,Unknown,Corridor2,25-05-2021,09:19:09
62445,62647,Corridor1,25-05-2021,09:19:13
62647,62445,Corridor1,25-05-2021,09:19:13
62445,62647,Corridor2,25-05-2021,09:19:13
62647,62445,Corridor2,25-05-2021,09:19:13
62445,,Corridor1,25-05-2021,09:19:16
62647,Unknown,Corridor2,25-05-2021,09:19:16
62647,,Corridor2,25-05-2021,09:19:18
62647,,Corridor1,25-05-2021,09:19:24
62647,,Corridor2,25-05-2021,09:19:43
62647,,Corridor2,25-05-2021,09:20:07
62647,,Corridor1,25-05-2021,09:20:18
62647,,Corridor1,25-05-2021,10:49:07
62424,,Corridor1,25-05-2021,10:49:25
62424,,Corridor1,25-05-2021,10:49:33
62424,,Corridor1,25-05-2021,10:49:42
12345,,Corridor1,25-05-2021,10:49:46
62424,,Corridor1,25-05-2021,10:50:11
62647,,Corridor1,25-05-2021,10:50:12
62424,,Corridor1,25-05-2021,10:50:23
62424,,Corridor1,25-05-2021,10:50:32
62424,,Corridor1,25-05-2021,10:50:37
12345,,Corridor1,25-05-2021,10:50:42
12345,62424,Corridor1,25-05-2021,10:50:47
62424,12345,Corridor1,25-05-2021,10:50:47
12345,,Corridor1,25-05-2021,10:50:48
62424,,Corridor1,25-05-2021,10:50:56
62987,,Corridor1,25-05-2021,10:51:03
62445,,Corridor1,25-05-2021,11:19:46
62445,,Corridor1,25-05-2021,11:21:00
62647,,Corridor1,25-05-2021,11:21:07
62445,,Corridor1,25-05-2021,11:21:54
62445,,Corridor1,25-05-2021,11:22:08
62647,,Corridor1,25-05-2021,11:24:50
62647,,Corridor1,25-05-2021,11:25:46
12345,,Corridor1,25-05-2021,11:25:58
62647,,Corridor1,25-05-2021,11:26:00
62987,,Corridor1,25-05-2021,11:26:15
12345,,Corridor1,25-05-2021,11:39:56
62988,,Corridor1,25-05-2021,11:39:59
12345,,Corridor1,25-05-2021,11:40:01
62988,,Corridor1,25-05-2021,11:40:05
12345,,Corridor1,25-05-2021,11:40:15
62647,,Corridor1,25-05-2021,11:40:18
12345,,Corridor1,25-05-2021,11:40:20
62445,,Corridor1,12-06-2021,20:21:51
62445,,Corridor1,12-06-2021,20:22:01
62647,,Corridor1,12-06-2021,20:22:03
12345,,Corridor1,12-06-2021,20:22:06
62647,,Corridor1,12-06-2021,20:22:31
62987,Unknown,Corridor1,10-07-2021,00:15:08
62988,,Corridor1,10-07-2021,00:15:46
62445,,Corridor1,10-07-2021,00:15:47
62647,Unknown,Corridor1,10-07-2021,00:16:01
62987,Unknown,Corridor1,10-07-2021,00:16:03
62647,62987,Corridor1,10-07-2021,00:16:21
62987,62647,Corridor1,10-07-2021,00:16:21
Unknown,,Corridor1,10-07-2021,00:16:23
62445,,Corridor1,10-07-2021,00:38:46
62445,,Corridor1,10-07-2021,00:39:09
62445,,Corridor1,10-07-2021,00:39:32
62445,,Corridor1,10-07-2021,00:39:55
09123,,Corridor1,10-07-2021,00:40:21
09123,,Corridor1,10-07-2021,00:40:42
62445,,Corridor1,10-07-2021,00:40:48
62445,,Corridor1,10-07-2021,00:41:11
Unknown,,Corridor1,10-07-2021,00:41:24
Unknown,,Corridor1,10-07-2021,00:41:29
Unknown,,Corridor1,10-07-2021,00:41:33
62647,,Corridor1,10-07-2021,00:41:42
62445,,Corridor1,10-07-2021,00:41:56
62445,,Corridor1,10-07-2021,00:42:21
62445,,Corridor1,10-07-2021,00:43:01
Unknown,,Corridor1,10-07-2021,00:43:20
62647,Unknown,Corridor1,10-07-2021,00:43:26
Unknown,,Corridor1,10-07-2021,00:43:30
62988,,Corridor1,10-07-2021,00:43:38
62445,,Corridor1,10-07-2021,00:43:40
62445,,Corridor1,10-07-2021,00:44:05
Unknown,,Corridor1,10-07-2021,00:44:28
Unknown,,Corridor1,10-07-2021,00:44:34
Unknown,,Corridor1,10-07-2021,00:44:40
62445,,Corridor1,10-07-2021,00:44:49
62445,,Corridor1,10-07-2021,01:18:14
Unknown,,Corridor1,10-07-2021,01:18:40
09123,Unknown,Corridor1,10-07-2021,01:18:43
09123,,Corridor1,10-07-2021,01:18:44
09123,,Corridor1,10-07-2021,01:18:47
09123,,Corridor1,10-07-2021,01:18:48
09123,,Corridor1,10-07-2021,01:19:01
09123,,Corridor1,10-07-2021,01:20:10
56721,,Corridor1,10-07-2021,01:20:21
62647,Unknown,Corridor1,10-07-2021,01:29:50
09123,,Corridor1,10-07-2021,01:29:54
56721,,Corridor1,10-07-2021,01:30:02
09123,,Corridor1,10-07-2021,01:30:09
09123,,Corridor1,10-07-2021,01:30:24
09123,,Corridor1,10-07-2021,01:31:58
09123,,Corridor1,10-07-2021,01:33:35
09123,,Corridor1,10-07-2021,01:33:44
09123,,Corridor1,10-07-2021,01:33:51
09123,,Corridor1,10-07-2021,01:35:29
09123,,Corridor1,10-07-2021,01:35:35
09123,,Corridor1,10-07-2021,01:35:38
09123,,Corridor1,10-07-2021,01:35:47
56721,,Corridor1,10-07-2021,01:35:55
56721,,Corridor1,10-07-2021,01:35:57
Unknown,,Corridor1,10-07-2021,01:58:36
56721,,Corridor1,10-07-2021,01:59:49
56721,,Corridor1,10-07-2021,01:59:51
56721,,Corridor1,10-07-2021,01:59:52
56721,,Corridor1,10-07-2021,01:59:54
56721,,Corridor1,10-07-2021,01:59:56
Unknown,,Corridor1,10-07-2021,02:00:48
56721,Unknown,Corridor1,10-07-2021,02:00:53
56721,,Corridor1,10-07-2021,02:01:07
56721,,Corridor1,10-07-2021,02:01:09
56721,,Corridor1,10-07-2021,02:01:16
56721,,Corridor1,10-07-2021,02:01:20
56721,,Corridor1,10-07-2021,02:01:35
56721,Unknown,Corridor1,10-07-2021,02:01:44
56721,,Corridor1,10-07-2021,02:01:47
56721,,Corridor1,10-07-2021,02:02:28
56721,,Corridor1,10-07-2021,02:02:37
56721,,Corridor1,10-07-2021,02:02:50
56721,,Corridor1,10-07-2021,02:03:15
56721,,Corridor1,10-07-2021,02:03:26
56721,,Corridor1,10-07-2021,02:03:51
62987,,Corridor1,10-07-2021,10:00:09
62988,,Corridor1,10-07-2021,10:00:15
62988,,Corridor1,10-07-2021,10:00:26
62987,,Corridor1,10-07-2021,10:00:53
62445,,Corridor1,10-07-2021,10:01:05
62445,,Corridor1,10-07-2021,10:01:38
62987,,Corridor1,10-07-2021,10:01:47
62988,,Corridor1,10-07-2021,10:02:23
